Categoría,SHAP Min,SHAP Max,delta_c,diferencia_alimento,ahorro_total
fabricaAlimento,-0.085642256,0.05528107,0.14092332,5355086.135864258,13387715339.660645
granja_anonym,-0.12183054,0.15325737,0.2750879,10453340.148925781,26133350372.314453
genética,-0.042057946,0.1903929,0.23245084,8833132.17163086,22082830429.07715
asesor,-0.09438007,0.17906459,0.27344465,10390896.606445312,25977241516.11328
